{
  "project_info": {
    "project_number": "94103743829",
    "firebase_url": "https://trabalhosd-42282.firebaseio.com",
    "project_id": "trabalhosd-42282",
    "storage_bucket": "trabalhosd-42282.appspot.com"
  },
  "client": [
    {
      "client_info": {
        "mobilesdk_app_id": "1:94103743829:android:7b7d1af9b3b215c8",
        "android_client_info": {
          "package_name": "android.curso.trabalhosd"
        }
      },
      "oauth_client": [
        {
          "client_id": "94103743829-pu4bbqosqlg2992tc8j5u090mg8l46ft.apps.googleusercontent.com",
          "client_type": 1,
          "android_info": {
            "package_name": "android.curso.trabalhosd",
            "certificate_hash": "e99cc13c126dfb9cafb5dd1c3613cae6a0574a26"
          }
        },
        {
          "client_id": "94103743829-s0vuifeeulu9foe3rqrk244l8v9tjm7b.apps.googleusercontent.com",
          "client_type": 3
        }
      ],
      "api_key": [
        {
          "current_key": "AIzaSyCGnqarrdSnrwZkyiOwEL7IHngJ76OLWUg"
        }
      ],
      "services": {
        "analytics_service": {
          "status": 1
        },
        "appinvite_service": {
          "status": 2,
          "other_platform_oauth_client": [
            {
              "client_id": "94103743829-s0vuifeeulu9foe3rqrk244l8v9tjm7b.apps.googleusercontent.com",
              "client_type": 3
            }
          ]
        },
        "ads_service": {
          "status": 2
        }
      }
    }
  ],
  "configuration_version": "1"
}